Operation,Time
readDataFromFile,0.21165055686726258
allocateInputData,0.014407560717283907
allocateOutputData,0.03688777629513595
SubmissionCopyToDevice,0.0003170612872423525
ExecutionCopyToDevice,0.02574635919029242
SubmissionMakeClusters,0.0003328418391502018
ExecutionMakeClusters,0.003019055203573187
SubmissionCopyToHost,0.006082394602457156
ExecutionCopyToHost,0.0060884665867341065
writeDataToFile,13.806844789129453
freeInputData,0.02453159530981311
freeOutputData,0.03191345347881431
