Operation,Time
readDataFromFile,0.19519573082763142
allocateInputData,0.016806980587111876
allocateOutputData,0.21727295566227797
kernelExecutionMean,0.03895013644249384
kernelSubmissionMean,0.038929748693426344
writeDataToFile,11.637846591263258
freeInputData,0.016602213575303747
freeOutputData,0.03487630708805048
