Operation,Time
readDataFromFile,0.7078803970696999
allocateInputData,0.013495653858434056
allocateOutputData,0.18882164814978203
SubmissionCopyToDevice,0.0005563205380403962
ExecutionCopyToDevice,0.08144507871743316
SubmissionMakeClusters,0.00037870971586280894
ExecutionMakeClusters,0.00037614986670505554
SubmissionCopyToHost,0.007481748402315849
ExecutionCopyToHost,0.007477208276563614
writeDataToFile,15.200336913868423
freeInputData,0.03225146266812303
freeOutputData,0.03956275727794176
